{
    "best_params_DE_algorithm": {
        "hops_weight": 0.10735619837080246,
        "wavelength_weight": 0.16384270937719075,
        "num_wavelengths": 20,
        "k": 11,
        "CR": 0.6831728995159971,
        "F": 0.3056849619696248,
        "n_gen": 55
    },
    "best_value_DE_algorithm": 0.12328000000000001,
    "datetime": "2025-11-11 17:46:46.327824"
}