{
    "best_params_PSO_algorithm": {
        "hops_weight": 0.8451529797741628,
        "wavelength_weight": 0.5441580288766805,
        "num_wavelengths": 20,
        "k": 9,
        "w": 0.5232130131565589,
        "c1": 1.1678023263833963,
        "c2": 2.017729851832908,
        "n_gen": 35
    },
    "best_value_PSO_algorithm": 0.12328000000000001,
    "datetime": "2025-11-12 14:45:37.592159"
}