{
    "best_params_PSO_algorithm": {
        "hops_weight": 0.7813009559574841,
        "wavelength_weight": 0.5082331130024504,
        "w": 0.736747905859608,
        "c1": 2.3574429549468037,
        "c2": 1.2725644444317588,
        "n_gen": 48
    },
    "best_value_PSO_algorithm": 0.34470666666666666,
    "datetime": "2025-11-11 11:45:32.697052"
}